OBJECTID,Type,Name,Longitude,Latitude
1,National Nature Reserve,Winterton Dunes,1.685352899,52.72817454
2,National Nature Reserve,Aqualate Mere,-2.33876174,52.78111456
3,National Nature Reserve,Aqualate Mere,-2.33876174,52.78111456
4,National Nature Reserve,Barton Hills,-0.417408612,51.95562362
5,National Nature Reserve,Beacon Hill,-1.141318282,51.00014183
6,National Nature Reserve,Bedford Purlieus,-0.463938415,52.58368504
7,National Nature Reserve,Berry Head,-3.490197392,50.39829803
8,National Nature Reserve,Berry Head,-3.490197392,50.39829803
9,National Nature Reserve,Berry Head,-3.490197392,50.39829803
10,National Nature Reserve,Berry Head,-3.490197392,50.39829803
11,National Nature Reserve,Berry Head,-3.490197392,50.39829803
12,National Nature Reserve,Blackwater Estuary,0.866779053,51.77560202
13,National Nature Reserve,Blackwater Estuary,0.866779053,51.77560202
14,National Nature Reserve,Blackwater Estuary,0.866779053,51.77560202
15,National Nature Reserve,Blackwater Estuary,0.866779053,51.77560202
16,National Nature Reserve,Blackwater Estuary,0.866779053,51.77560202
17,National Nature Reserve,Blackwater Estuary,0.866779053,51.77560202
18,National Nature Reserve,Blackwater Estuary,0.866779053,51.77560202
19,National Nature Reserve,Blackwater Estuary,0.866779053,51.77560202
20,National Nature Reserve,Blackwater Estuary,0.866779053,51.77560202
21,National Nature Reserve,Blackwater Estuary,0.866779053,51.77560202
22,National Nature Reserve,Blackwater Estuary,0.866779053,51.77560202
23,National Nature Reserve,Blackwater Estuary,0.866779053,51.77560202
24,National Nature Reserve,Blackwater Estuary,0.866779053,51.77560202
25,National Nature Reserve,Blackwater Estuary,0.866779053,51.77560202
26,National Nature Reserve,Blackwater Estuary,0.866779053,51.77560202
27,National Nature Reserve,Blackwater Estuary,0.866779053,51.77560202
28,National Nature Reserve,Blackwater Estuary,0.866779053,51.77560202
29,National Nature Reserve,Blackwater Estuary,0.866779053,51.77560202
30,National Nature Reserve,Blackwater Estuary,0.866779053,51.77560202
31,National Nature Reserve,Blackwater Estuary,0.866779053,51.77560202
32,National Nature Reserve,Blackwater Estuary,0.866779053,51.77560202
33,National Nature Reserve,Blackwater Estuary,0.866779053,51.77560202
34,National Nature Reserve,Blackwater Estuary,0.866779053,51.77560202
35,National Nature Reserve,Blackwater Estuary,0.866779053,51.77560202
36,National Nature Reserve,Blackwater Estuary,0.866779053,51.77560202
37,National Nature Reserve,Blackwater Estuary,0.866779053,51.77560202
38,National Nature Reserve,Blackwater Estuary,0.866779053,51.77560202
39,National Nature Reserve,Blackwater Estuary,0.866779053,51.77560202
40,National Nature Reserve,Blackwater Estuary,0.866779053,51.77560202
41,National Nature Reserve,Blackwater Estuary,0.866779053,51.77560202
42,National Nature Reserve,Blackwater Estuary,0.866779053,51.77560202
43,National Nature Reserve,Blackwater Estuary,0.866779053,51.77560202
44,National Nature Reserve,Blackwater Estuary,0.866779053,51.77560202
45,National Nature Reserve,Blackwater Estuary,0.866779053,51.77560202
46,National Nature Reserve,Blackwater Estuary,0.866779053,51.77560202
47,National Nature Reserve,Blackwater Estuary,0.866779053,51.77560202
48,National Nature Reserve,Blackwater Estuary,0.866779053,51.77560202
49,National Nature Reserve,Blackwater Estuary,0.866779053,51.77560202
50,National Nature Reserve,Blackwater Estuary,0.866779053,51.77560202
51,National Nature Reserve,Blackwater Estuary,0.866779053,51.77560202
52,National Nature Reserve,Blackwater Estuary,0.866779053,51.77560202
53,National Nature Reserve,Blackwater Estuary,0.866779053,51.77560202
54,National Nature Reserve,Blackwater Estuary,0.866779053,51.77560202
55,National Nature Reserve,Blackwater Estuary,0.866779053,51.77560202
56,National Nature Reserve,Blackwater Estuary,0.866779053,51.77560202
57,National Nature Reserve,Blackwater Estuary,0.866779053,51.77560202
58,National Nature Reserve,Blackwater Estuary,0.866779053,51.77560202
59,National Nature Reserve,Blackwater Estuary,0.866779053,51.77560202
60,National Nature Reserve,Blackwater Estuary,0.866779053,51.77560202
61,National Nature Reserve,Blackwater Estuary,0.866779053,51.77560202
62,National Nature Reserve,Blackwater Estuary,0.866779053,51.77560202
63,National Nature Reserve,Blackwater Estuary,0.866779053,51.77560202
64,National Nature Reserve,Blackwater Estuary,0.866779053,51.77560202
65,National Nature Reserve,Blackwater Estuary,0.866779053,51.77560202
66,National Nature Reserve,Blackwater Estuary,0.866779053,51.77560202
67,National Nature Reserve,Blackwater Estuary,0.866779053,51.77560202
68,National Nature Reserve,Blackwater Estuary,0.866779053,51.77560202
69,National Nature Reserve,Blackwater Estuary,0.866779053,51.77560202
70,National Nature Reserve,Blackwater Estuary,0.866779053,51.77560202
71,National Nature Reserve,Blackwater Estuary,0.866779053,51.77560202
72,National Nature Reserve,Blackwater Estuary,0.866779053,51.77560202
73,National Nature Reserve,Blackwater Estuary,0.866779053,51.77560202
74,National Nature Reserve,Blackwater Estuary,0.866779053,51.77560202
75,National Nature Reserve,Blackwater Estuary,0.866779053,51.77560202
76,National Nature Reserve,Blackwater Estuary,0.866779053,51.77560202
77,National Nature Reserve,Blackwater Estuary,0.866779053,51.77560202
78,National Nature Reserve,Blackwater Estuary,0.866779053,51.77560202
79,National Nature Reserve,Blackwater Estuary,0.866779053,51.77560202
80,National Nature Reserve,Blackwater Estuary,0.866779053,51.77560202
81,National Nature Reserve,Blackwater Estuary,0.866779053,51.77560202
82,National Nature Reserve,Blackwater Estuary,0.866779053,51.77560202
83,National Nature Reserve,Blackwater Estuary,0.866779053,51.77560202
84,National Nature Reserve,Blackwater Estuary,0.866779053,51.77560202
85,National Nature Reserve,Blackwater Estuary,0.866779053,51.77560202
86,National Nature Reserve,Blackwater Estuary,0.866779053,51.77560202
87,National Nature Reserve,Blackwater Estuary,0.866779053,51.77560202
88,National Nature Reserve,Blackwater Estuary,0.866779053,51.77560202
89,National Nature Reserve,Blackwater Estuary,0.866779053,51.77560202
90,National Nature Reserve,Blackwater Estuary,0.866779053,51.77560202
91,National Nature Reserve,Blackwater Estuary,0.866779053,51.77560202
92,National Nature Reserve,Blackwater Estuary,0.866779053,51.77560202
93,National Nature Reserve,Blackwater Estuary,0.866779053,51.77560202
94,National Nature Reserve,Blackwater Estuary,0.866779053,51.77560202
95,National Nature Reserve,Blackwater Estuary,0.866779053,51.77560202
96,National Nature Reserve,Blackwater Estuary,0.866779053,51.77560202
97,National Nature Reserve,Blackwater Estuary,0.866779053,51.77560202
98,National Nature Reserve,Blackwater Estuary,0.866779053,51.77560202
99,National Nature Reserve,Blackwater Estuary,0.866779053,51.77560202
100,National Nature Reserve,Blackwater Estuary,0.866779053,51.77560202
101,National Nature Reserve,Blackwater Estuary,0.866779053,51.77560202
102,National Nature Reserve,Blackwater Estuary,0.866779053,51.77560202
103,National Nature Reserve,Blackwater Estuary,0.866779053,51.77560202
104,National Nature Reserve,Blackwater Estuary,0.866779053,51.77560202
105,National Nature Reserve,Blackwater Estuary,0.866779053,51.77560202
106,National Nature Reserve,Blackwater Estuary,0.866779053,51.77560202
107,National Nature Reserve,Blackwater Estuary,0.866779053,51.77560202
108,National Nature Reserve,Blackwater Estuary,0.866779053,51.77560202
109,National Nature Reserve,Blackwater Estuary,0.866779053,51.77560202
110,National Nature Reserve,Blackwater Estuary,0.866779053,51.77560202
111,National Nature Reserve,Blackwater Estuary,0.866779053,51.77560202
112,National Nature Reserve,Blackwater Estuary,0.866779053,51.77560202
113,National Nature Reserve,Blackwater Estuary,0.866779053,51.77560202
114,National Nature Reserve,Blackwater Estuary,0.866779053,51.77560202
115,National Nature Reserve,Blackwater Estuary,0.866779053,51.77560202
116,National Nature Reserve,Blackwater Estuary,0.866779053,51.77560202
117,National Nature Reserve,Blackwater Estuary,0.866779053,51.77560202
118,National Nature Reserve,Blackwater Estuary,0.866779053,51.77560202
119,National Nature Reserve,Blackwater Estuary,0.866779053,51.77560202
120,National Nature Reserve,Blackwater Estuary,0.866779053,51.77560202
121,National Nature Reserve,Blackwater Estuary,0.866779053,51.77560202
122,National Nature Reserve,Blackwater Estuary,0.866779053,51.77560202
123,National Nature Reserve,Blackwater Estuary,0.866779053,51.77560202
124,National Nature Reserve,Blackwater Estuary,0.866779053,51.77560202
125,National Nature Reserve,Blelham Bog,-2.978425345,54.39715462
126,National Nature Reserve,Dunkery & Horner Wood,-3.604658257,51.17635433
127,National Nature Reserve,Dunkery & Horner Wood,-3.604658257,51.17635433
128,National Nature Reserve,Tarr Steps Woodland,-3.625172642,51.07980861
129,National Nature Reserve,Tarr Steps Woodland,-3.625172642,51.07980861
130,National Nature Reserve,Dendles Wood,-3.948564467,50.44109433
131,National Nature Reserve,Black-a-Tor Copse,-4.02983325,50.6835978
132,National Nature Reserve,Buckingham Thick Copse,-0.968846229,52.08284017
133,National Nature Reserve,Castle Bottom,-0.858880787,51.3305462
134,National Nature Reserve,Castor Hanglands,-0.351610203,52.60082202
135,National Nature Reserve,Castor Hanglands,-0.351610203,52.60082202
136,National Nature Reserve,Cavenham Heath,0.568380527,52.32531036
137,National Nature Reserve,Chaddesley Woods,-2.126561332,52.36194582
138,National Nature Reserve,Chaddesley Woods,-2.126561332,52.36194582
139,National Nature Reserve,Charnwood Lodge,-1.311465448,52.73407809
140,National Nature Reserve,Charnwood Lodge,-1.311465448,52.73407809
141,National Nature Reserve,Charnwood Lodge,-1.311465448,52.73407809
142,National Nature Reserve,Charnwood Lodge,-1.311465448,52.73407809
143,National Nature Reserve,Newham Bog,-1.734306777,55.55893625
144,National Nature Reserve,Chimney Meadows,-1.491642777,51.69787736
145,National Nature Reserve,Cliburn Moss,-2.654855932,54.6245151
146,National Nature Reserve,Duncombe Park,-1.068632856,54.2386834
147,National Nature Reserve,Wistman's Wood,-3.958571498,50.58343551
148,National Nature Reserve,Monks Wood,-0.240596988,52.40564665
149,National Nature Reserve,Far Ings,-0.465836051,53.6955314
150,National Nature Reserve,Far Ings,-0.465836051,53.6955314
151,National Nature Reserve,Foster's Green Meadows,-2.033281319,52.28227734
152,National Nature Reserve,Weeting Heath,0.588303065,52.47220938
153,National Nature Reserve,Weeting Heath,0.588303065,52.47220938
154,National Nature Reserve,Slapton Ley,-3.6517759,50.284625
155,National Nature Reserve,Slapton Ley,-3.6517759,50.284625
156,National Nature Reserve,Slapton Ley,-3.6517759,50.284625
157,National Nature Reserve,Slapton Ley,-3.6517759,50.284625
158,National Nature Reserve,Collyweston Great Wood & Easton Hornstocks,-0.495864788,52.59007857
159,National Nature Reserve,Collyweston Great Wood & Easton Hornstocks,-0.495864788,52.59007857
160,National Nature Reserve,Colne Estuary,0.983186962,51.78218398
161,National Nature Reserve,Colne Estuary,0.983186962,51.78218398
162,National Nature Reserve,Colne Estuary,0.983186962,51.78218398
163,National Nature Reserve,Colne Estuary,0.983186962,51.78218398
164,National Nature Reserve,Colne Estuary,0.983186962,51.78218398
165,National Nature Reserve,Colne Estuary,0.983186962,51.78218398
166,National Nature Reserve,Colne Estuary,0.983186962,51.78218398
167,National Nature Reserve,Colne Estuary,0.983186962,51.78218398
168,National Nature Reserve,Colne Estuary,0.983186962,51.78218398
169,National Nature Reserve,Colne Estuary,0.983186962,51.78218398
170,National Nature Reserve,Colne Estuary,0.983186962,51.78218398
171,National Nature Reserve,Colne Estuary,0.983186962,51.78218398
172,National Nature Reserve,Cribbs Meadow,-0.66879327,52.75965295
173,National Nature Reserve,Cribbs Meadow,-0.66879327,52.75965295
174,National Nature Reserve,Kielder Mires,-2.486133085,55.10916287
175,National Nature Reserve,Kielder Mires,-2.486133085,55.10916287
176,National Nature Reserve,Kielderhead,-2.500835426,55.2550786
177,National Nature Reserve,Knocking Hoe,-0.354475815,51.9637515
178,National Nature Reserve,Leigh,0.644569674,51.5329318
179,National Nature Reserve,Ling Gill,-2.306996148,54.20230855
180,National Nature Reserve,Thetford Heath,0.712058844,52.38807052
181,National Nature Reserve,Thornhill Moss & Meadows,-3.287564265,54.82497838
182,National Nature Reserve,Gibraltar Point,0.335052487,53.10190096
183,National Nature Reserve,Golitha Falls,-4.504361241,50.49146604
184,National Nature Reserve,Gordano Valley,-2.814353477,51.45399591
185,National Nature Reserve,Gordano Valley,-2.814353477,51.45399591
186,National Nature Reserve,Gowk Bank,-2.502711767,55.05873372
187,National Nature Reserve,Gowk Bank,-2.502711767,55.05873372
188,National Nature Reserve,Hales Wood,0.290369531,52.03931285
189,National Nature Reserve,Hallsenna Moor,-3.440511108,54.39197919
190,National Nature Reserve,Hardington Moor,-2.69096353,50.9131644
191,National Nature Reserve,Hawkcombe Woods,-3.624774726,51.19758805
192,National Nature Reserve,Hawkcombe Woods,-3.624774726,51.19758805
193,National Nature Reserve,High Halstow,0.562169437,51.45749611
194,National Nature Reserve,High Leys,-3.450474446,54.54925903
195,National Nature Reserve,Holme Dunes,0.555519416,52.97385971
196,National Nature Reserve,Horn Park Quarry,-2.771671104,50.81638452
197,National Nature Reserve,Hulme Quarry,-2.107913372,52.99813919
198,National Nature Reserve,Great Asby Scar,-2.533102148,54.48324731
199,National Nature Reserve,Lullington Heath,0.190231434,50.79426425
200,National Nature Reserve,Spurn,0.129952765,53.58983228
201,National Nature Reserve,Holkham,0.856114208,52.97138405
202,National Nature Reserve,Holkham,0.856114208,52.97138405
203,National Nature Reserve,Holkham,0.856114208,52.97138405
204,National Nature Reserve,Holkham,0.856114208,52.97138405
205,National Nature Reserve,Holkham,0.856114208,52.97138405
206,National Nature Reserve,Holkham,0.856114208,52.97138405
207,National Nature Reserve,Holkham,0.856114208,52.97138405
208,National Nature Reserve,Holkham,0.856114208,52.97138405
209,National Nature Reserve,Holkham,0.856114208,52.97138405
210,National Nature Reserve,Holkham,0.856114208,52.97138405
211,National Nature Reserve,Holkham,0.856114208,52.97138405
212,National Nature Reserve,Holkham,0.856114208,52.97138405
213,National Nature Reserve,Holkham,0.856114208,52.97138405
214,National Nature Reserve,Holkham,0.856114208,52.97138405
215,National Nature Reserve,Muckle Moss,-2.316269147,54.99625762
216,National Nature Reserve,Westleton Heath,1.600905119,52.27066197
217,National Nature Reserve,Westleton Heath,1.600905119,52.27066197
218,National Nature Reserve,Hambledon Hill,-2.221620999,50.91097855
219,National Nature Reserve,Hambledon Hill,-2.221620999,50.91097855
220,National Nature Reserve,Dunsdon,-4.414544737,50.84660941
221,National Nature Reserve,Dunsdon,-4.414544737,50.84660941
222,National Nature Reserve,Dunsdon,-4.414544737,50.84660941
223,National Nature Reserve,Malham Tarn,-2.168263798,54.09760056
224,National Nature Reserve,"New House Farm, Malham",-2.105675905,54.07394925
225,National Nature Reserve,Old Winchester Hill,-1.085315765,50.98364524
226,National Nature Reserve,Sandwich & Pegwell Bay,1.375619366,51.3130814
227,National Nature Reserve,Sandwich & Pegwell Bay,1.375619366,51.3130814
228,National Nature Reserve,Sandybeck Meadow,-3.342160195,54.62889434
229,National Nature Reserve,Rostherne Mere,-2.385792075,53.35406249
230,National Nature Reserve,Rusland Moss,-3.024252857,54.2890168
231,National Nature Reserve,Stiperstones,-2.932563029,52.5920176
232,National Nature Reserve,Stiperstones,-2.932563029,52.5920176
233,National Nature Reserve,Sutton Park,-1.855965637,52.57116013
234,National Nature Reserve,Sutton Park,-1.855965637,52.57116013
235,National Nature Reserve,Sutton Park,-1.855965637,52.57116013
236,National Nature Reserve,Sutton Park,-1.855965637,52.57116013
237,National Nature Reserve,Upwood Meadows,-0.161076007,52.42751462
238,National Nature Reserve,Cothill,-1.336714196,51.69382067
239,National Nature Reserve,Thrislington,-1.512263184,54.68833762
240,National Nature Reserve,Burnham Beeches,-0.630353717,51.55654522
241,National Nature Reserve,Paston Great Barn,1.447797556,52.85807734
242,National Nature Reserve,Gait Barrows,-2.799323959,54.18538767
243,National Nature Reserve,Bredon Hill,-2.085914022,52.05733266
244,National Nature Reserve,Dawlish Warren,-3.436361824,50.60777276
245,National Nature Reserve,"North Meadow, Cricklade",-1.86654264,51.65030763
246,National Nature Reserve,"North Meadow, Cricklade",-1.86654264,51.65030763
247,National Nature Reserve,Ashford Hill,-1.194718531,51.35453746
248,National Nature Reserve,North Walney,-3.259303633,54.14186808
249,National Nature Reserve,Titchfield Haven,-1.238318297,50.82573328
250,National Nature Reserve,Valley of Stones,-2.572105137,50.6890783
251,National Nature Reserve,Valley of Stones,-2.572105137,50.6890783
252,National Nature Reserve,Lewes Downs (Mount Caburn),0.050300268,50.86255128
253,National Nature Reserve,Ashtead Common,-0.312646319,51.32473982
254,National Nature Reserve,Swanscombe Skull Site,0.298000014,51.4450496
255,National Nature Reserve,Wye,0.969647836,51.16918056
256,National Nature Reserve,Wye,0.969647836,51.16918056
257,National Nature Reserve,Wye,0.969647836,51.16918056
258,National Nature Reserve,Wem Moss,-2.783754462,52.90360064
259,National Nature Reserve,Sandscale Haws,-3.242859143,54.16455772
260,National Nature Reserve,Bardney Limewoods,-0.308347507,53.19710022
261,National Nature Reserve,Bardney Limewoods,-0.308347507,53.19710022
262,National Nature Reserve,Bardney Limewoods,-0.308347507,53.19710022
263,National Nature Reserve,Bardney Limewoods,-0.308347507,53.19710022
264,National Nature Reserve,Bardney Limewoods,-0.308347507,53.19710022
265,National Nature Reserve,Bardney Limewoods,-0.308347507,53.19710022
266,National Nature Reserve,Bardney Limewoods,-0.308347507,53.19710022
267,National Nature Reserve,Bardney Limewoods,-0.308347507,53.19710022
268,National Nature Reserve,Bardney Limewoods,-0.308347507,53.19710022
269,National Nature Reserve,Bardney Limewoods,-0.308347507,53.19710022
270,National Nature Reserve,Clawthorpe Fell,-2.709228907,54.20198819
271,National Nature Reserve,Clawthorpe Fell,-2.709228907,54.20198819
272,National Nature Reserve,Hutton Roof,-2.691766071,54.19286535
273,National Nature Reserve,Hutton Roof,-2.691766071,54.19286535
274,National Nature Reserve,Calthorpe Broad,1.573810538,52.77707867
275,National Nature Reserve,Whitelee Moor,-2.478699358,55.32938258
276,National Nature Reserve,Wychwood,-1.515006649,51.8495738
277,National Nature Reserve,Wylye Down,-1.998200285,51.1248966
278,National Nature Reserve,Ham Street Woods,0.866220453,51.07130851
279,National Nature Reserve,Ham Street Woods,0.866220453,51.07130851
280,National Nature Reserve,Pevensey Levels,0.357538135,50.83223024
281,National Nature Reserve,Pevensey Levels,0.357538135,50.83223024
282,National Nature Reserve,Pevensey Levels,0.357538135,50.83223024
283,National Nature Reserve,Axmouth to Lyme Regis Undercliffs,-2.994823571,50.70689241
284,National Nature Reserve,Saltwells,-2.099751961,52.4829718
285,National Nature Reserve,Saltwells,-2.099751961,52.4829718
286,National Nature Reserve,Lower Derwent Valley,-0.93137215,53.88464338
287,National Nature Reserve,Lower Derwent Valley,-0.93137215,53.88464338
288,National Nature Reserve,Lower Derwent Valley,-0.93137215,53.88464338
289,National Nature Reserve,Lower Derwent Valley,-0.93137215,53.88464338
290,National Nature Reserve,Lower Derwent Valley,-0.93137215,53.88464338
291,National Nature Reserve,Lower Derwent Valley,-0.93137215,53.88464338
292,National Nature Reserve,Lower Derwent Valley,-0.93137215,53.88464338
293,National Nature Reserve,Lower Derwent Valley,-0.93137215,53.88464338
294,National Nature Reserve,Lower Derwent Valley,-0.93137215,53.88464338
295,National Nature Reserve,Lower Derwent Valley,-0.93137215,53.88464338
296,National Nature Reserve,Lower Derwent Valley,-0.93137215,53.88464338
297,National Nature Reserve,Lower Derwent Valley,-0.93137215,53.88464338
298,National Nature Reserve,Lower Derwent Valley,-0.93137215,53.88464338
299,National Nature Reserve,Lower Derwent Valley,-0.93137215,53.88464338
300,National Nature Reserve,Lower Derwent Valley,-0.93137215,53.88464338
301,National Nature Reserve,Lower Derwent Valley,-0.93137215,53.88464338
302,National Nature Reserve,Lower Derwent Valley,-0.93137215,53.88464338
303,National Nature Reserve,Lower Derwent Valley,-0.93137215,53.88464338
304,National Nature Reserve,Lower Derwent Valley,-0.93137215,53.88464338
305,National Nature Reserve,Lower Derwent Valley,-0.93137215,53.88464338
306,National Nature Reserve,Lower Derwent Valley,-0.93137215,53.88464338
307,National Nature Reserve,Lower Derwent Valley,-0.93137215,53.88464338
308,National Nature Reserve,Lower Derwent Valley,-0.93137215,53.88464338
309,National Nature Reserve,Lower Derwent Valley,-0.93137215,53.88464338
310,National Nature Reserve,Lower Derwent Valley,-0.93137215,53.88464338
311,National Nature Reserve,Lower Derwent Valley,-0.93137215,53.88464338
312,National Nature Reserve,Lower Derwent Valley,-0.93137215,53.88464338
313,National Nature Reserve,Lower Derwent Valley,-0.93137215,53.88464338
314,National Nature Reserve,Lower Derwent Valley,-0.93137215,53.88464338
315,National Nature Reserve,Lower Derwent Valley,-0.93137215,53.88464338
316,National Nature Reserve,Lower Derwent Valley,-0.93137215,53.88464338
317,National Nature Reserve,Lower Derwent Valley,-0.93137215,53.88464338
318,National Nature Reserve,Lower Derwent Valley,-0.93137215,53.88464338
319,National Nature Reserve,Lower Derwent Valley,-0.93137215,53.88464338
320,National Nature Reserve,Lower Derwent Valley,-0.93137215,53.88464338
321,National Nature Reserve,Lower Derwent Valley,-0.93137215,53.88464338
322,National Nature Reserve,Lower Derwent Valley,-0.93137215,53.88464338
323,National Nature Reserve,Lower Derwent Valley,-0.93137215,53.88464338
324,National Nature Reserve,Lower Derwent Valley,-0.93137215,53.88464338
325,National Nature Reserve,Lower Derwent Valley,-0.93137215,53.88464338
326,National Nature Reserve,Lower Derwent Valley,-0.93137215,53.88464338
327,National Nature Reserve,Lower Derwent Valley,-0.93137215,53.88464338
328,National Nature Reserve,Lower Derwent Valley,-0.93137215,53.88464338
329,National Nature Reserve,Lower Derwent Valley,-0.93137215,53.88464338
330,National Nature Reserve,Wyre Forest,-2.37161878,52.39089184
331,National Nature Reserve,Wyre Forest,-2.37161878,52.39089184
332,National Nature Reserve,Wyre Forest,-2.37161878,52.39089184
333,National Nature Reserve,Wyre Forest,-2.37161878,52.39089184
334,National Nature Reserve,Wyre Forest,-2.37161878,52.39089184
335,National Nature Reserve,Wyre Forest,-2.37161878,52.39089184
336,National Nature Reserve,Wyre Forest,-2.37161878,52.39089184
337,National Nature Reserve,Wyre Forest,-2.37161878,52.39089184
338,National Nature Reserve,Wyre Forest,-2.37161878,52.39089184
339,National Nature Reserve,Wyre Forest,-2.37161878,52.39089184
340,National Nature Reserve,Wyre Forest,-2.37161878,52.39089184
341,National Nature Reserve,Wyre Forest,-2.37161878,52.39089184
342,National Nature Reserve,Ruislip Woods,-0.423526677,51.58896871
343,National Nature Reserve,Ruislip Woods,-0.423526677,51.58896871
344,National Nature Reserve,Ruislip Woods,-0.423526677,51.58896871
345,National Nature Reserve,Ruislip Woods,-0.423526677,51.58896871
346,National Nature Reserve,Benacre,1.704813665,52.38625987
347,National Nature Reserve,Benacre,1.704813665,52.38625987
348,National Nature Reserve,Benacre,1.704813665,52.38625987
349,National Nature Reserve,Benacre,1.704813665,52.38625987
350,National Nature Reserve,Teesmouth,-1.182486259,54.62594879
351,National Nature Reserve,Teesmouth,-1.182486259,54.62594879
352,National Nature Reserve,Teesmouth,-1.182486259,54.62594879
353,National Nature Reserve,"Fenn's, Whixall & Bettisfield Mosses",-2.761613771,52.92483429
354,National Nature Reserve,"Fenn's, Whixall & Bettisfield Mosses",-2.761613771,52.92483429
355,National Nature Reserve,"Fenn's, Whixall & Bettisfield Mosses",-2.761613771,52.92483429
356,National Nature Reserve,"Fenn's, Whixall & Bettisfield Mosses",-2.761613771,52.92483429
357,National Nature Reserve,"Fenn's, Whixall & Bettisfield Mosses",-2.761613771,52.92483429
358,National Nature Reserve,"Fenn's, Whixall & Bettisfield Mosses",-2.761613771,52.92483429
359,National Nature Reserve,"Fenn's, Whixall & Bettisfield Mosses",-2.761613771,52.92483429
360,National Nature Reserve,"Fenn's, Whixall & Bettisfield Mosses",-2.761613771,52.92483429
361,National Nature Reserve,"Fenn's, Whixall & Bettisfield Mosses",-2.761613771,52.92483429
362,National Nature Reserve,"Fenn's, Whixall & Bettisfield Mosses",-2.761613771,52.92483429
363,National Nature Reserve,"Fenn's, Whixall & Bettisfield Mosses",-2.761613771,52.92483429
364,National Nature Reserve,"Fenn's, Whixall & Bettisfield Mosses",-2.761613771,52.92483429
365,National Nature Reserve,Wren's Nest,-2.093485286,52.52404618
366,National Nature Reserve,Wren's Nest,-2.093485286,52.52404618
367,National Nature Reserve,Hatfield Forest,0.229563618,51.85740549
368,National Nature Reserve,Hatfield Forest,0.229563618,51.85740549
369,National Nature Reserve,Kinder Scout,-1.880795923,53.38608406
370,National Nature Reserve,The Flits,-2.907480923,52.06390629
371,National Nature Reserve,Mendip,-2.857758854,51.29780538
372,National Nature Reserve,Mendip,-2.857758854,51.29780538
373,National Nature Reserve,Mendip,-2.857758854,51.29780538
374,National Nature Reserve,Mendip,-2.857758854,51.29780538
375,National Nature Reserve,Mendip,-2.857758854,51.29780538
376,National Nature Reserve,Mendip,-2.857758854,51.29780538
377,National Nature Reserve,Mendip,-2.857758854,51.29780538
378,National Nature Reserve,Mendip,-2.857758854,51.29780538
379,National Nature Reserve,Mendip,-2.857758854,51.29780538
380,National Nature Reserve,Mendip,-2.857758854,51.29780538
381,National Nature Reserve,Mendip,-2.857758854,51.29780538
382,National Nature Reserve,Mendip,-2.857758854,51.29780538
383,National Nature Reserve,Mendip,-2.857758854,51.29780538
384,National Nature Reserve,Mendip,-2.857758854,51.29780538
385,National Nature Reserve,Mendip,-2.857758854,51.29780538
386,National Nature Reserve,Mendip,-2.857758854,51.29780538
387,National Nature Reserve,Mendip,-2.857758854,51.29780538
388,National Nature Reserve,Mendip,-2.857758854,51.29780538
389,National Nature Reserve,Mendip,-2.857758854,51.29780538
390,National Nature Reserve,Mendip,-2.857758854,51.29780538
391,National Nature Reserve,Mendip,-2.857758854,51.29780538
392,National Nature Reserve,Mendip,-2.857758854,51.29780538
393,National Nature Reserve,Mendip,-2.857758854,51.29780538
394,National Nature Reserve,Mendip,-2.857758854,51.29780538
395,National Nature Reserve,Mendip,-2.857758854,51.29780538
396,National Nature Reserve,Mendip,-2.857758854,51.29780538
397,National Nature Reserve,Pebblebed Heaths,-3.344726601,50.67701742
398,National Nature Reserve,Pebblebed Heaths,-3.344726601,50.67701742
399,National Nature Reserve,Pebblebed Heaths,-3.344726601,50.67701742
400,National Nature Reserve,Pebblebed Heaths,-3.344726601,50.67701742
401,National Nature Reserve,Pebblebed Heaths,-3.344726601,50.67701742
402,National Nature Reserve,Pebblebed Heaths,-3.344726601,50.67701742
403,National Nature Reserve,Pebblebed Heaths,-3.344726601,50.67701742
404,National Nature Reserve,Pebblebed Heaths,-3.344726601,50.67701742
405,National Nature Reserve,Pebblebed Heaths,-3.344726601,50.67701742
406,National Nature Reserve,Pebblebed Heaths,-3.344726601,50.67701742
407,National Nature Reserve,Pebblebed Heaths,-3.344726601,50.67701742
408,National Nature Reserve,Pebblebed Heaths,-3.344726601,50.67701742
409,National Nature Reserve,Pebblebed Heaths,-3.344726601,50.67701742
410,National Nature Reserve,Pebblebed Heaths,-3.344726601,50.67701742
411,National Nature Reserve,Pebblebed Heaths,-3.344726601,50.67701742
412,National Nature Reserve,Pebblebed Heaths,-3.344726601,50.67701742
413,National Nature Reserve,Pebblebed Heaths,-3.344726601,50.67701742
414,National Nature Reserve,Pebblebed Heaths,-3.344726601,50.67701742
415,National Nature Reserve,Pebblebed Heaths,-3.344726601,50.67701742
416,National Nature Reserve,Lincolnshire Coronation Coast,0.191343929,53.43291389
417,National Nature Reserve,Lincolnshire Coronation Coast,0.191343929,53.43291389
418,National Nature Reserve,Lincolnshire Coronation Coast,0.191343929,53.43291389
419,National Nature Reserve,Lincolnshire Coronation Coast,0.191343929,53.43291389
420,National Nature Reserve,Lincolnshire Coronation Coast,0.191343929,53.43291389
421,National Nature Reserve,Lincolnshire Coronation Coast,0.191343929,53.43291389
422,National Nature Reserve,Lincolnshire Coronation Coast,0.191343929,53.43291389
423,National Nature Reserve,Moccas Park,-2.962670855,52.07714973
424,National Nature Reserve,Scoska Wood,-2.134845297,54.15092245
425,National Nature Reserve,Butser Hill,-0.983512379,50.97390109
426,National Nature Reserve,Butser Hill,-0.983512379,50.97390109
427,National Nature Reserve,Butser Hill,-0.983512379,50.97390109
428,National Nature Reserve,Butser Hill,-0.983512379,50.97390109
429,National Nature Reserve,Greenlee Lough,-2.362227576,55.02090148
430,National Nature Reserve,Farne Islands,-1.654361084,55.61629288
431,National Nature Reserve,Farne Islands,-1.654361084,55.61629288
432,National Nature Reserve,Farne Islands,-1.654361084,55.61629288
433,National Nature Reserve,Farne Islands,-1.654361084,55.61629288
434,National Nature Reserve,Farne Islands,-1.654361084,55.61629288
435,National Nature Reserve,Farne Islands,-1.654361084,55.61629288
436,National Nature Reserve,Farne Islands,-1.654361084,55.61629288
437,National Nature Reserve,Farne Islands,-1.654361084,55.61629288
438,National Nature Reserve,Farne Islands,-1.654361084,55.61629288
439,National Nature Reserve,Farne Islands,-1.654361084,55.61629288
440,National Nature Reserve,Farne Islands,-1.654361084,55.61629288
441,National Nature Reserve,Farne Islands,-1.654361084,55.61629288
442,National Nature Reserve,Farne Islands,-1.654361084,55.61629288
443,National Nature Reserve,Farne Islands,-1.654361084,55.61629288
444,National Nature Reserve,Farne Islands,-1.654361084,55.61629288
445,National Nature Reserve,Farne Islands,-1.654361084,55.61629288
446,National Nature Reserve,Farne Islands,-1.654361084,55.61629288
447,National Nature Reserve,Farne Islands,-1.654361084,55.61629288
448,National Nature Reserve,Farne Islands,-1.654361084,55.61629288
449,National Nature Reserve,Farne Islands,-1.654361084,55.61629288
450,National Nature Reserve,Farne Islands,-1.654361084,55.61629288
451,National Nature Reserve,Farne Islands,-1.654361084,55.61629288
452,National Nature Reserve,Farne Islands,-1.654361084,55.61629288
453,National Nature Reserve,Farne Islands,-1.654361084,55.61629288
454,National Nature Reserve,Farne Islands,-1.654361084,55.61629288
455,National Nature Reserve,Farne Islands,-1.654361084,55.61629288
456,National Nature Reserve,Farne Islands,-1.654361084,55.61629288
457,National Nature Reserve,Farne Islands,-1.654361084,55.61629288
458,National Nature Reserve,Farne Islands,-1.654361084,55.61629288
459,National Nature Reserve,Farne Islands,-1.654361084,55.61629288
460,National Nature Reserve,Farne Islands,-1.654361084,55.61629288
461,National Nature Reserve,Farne Islands,-1.654361084,55.61629288
462,National Nature Reserve,Farne Islands,-1.654361084,55.61629288
463,National Nature Reserve,Farne Islands,-1.654361084,55.61629288
464,National Nature Reserve,Farne Islands,-1.654361084,55.61629288
465,National Nature Reserve,Farne Islands,-1.654361084,55.61629288
466,National Nature Reserve,Foxley Wood,1.042899278,52.76177182
467,National Nature Reserve,Lindisfarne,-1.82808057,55.66564209
468,National Nature Reserve,Lindisfarne,-1.82808057,55.66564209
469,National Nature Reserve,Lindisfarne,-1.82808057,55.66564209
470,National Nature Reserve,Lindisfarne,-1.82808057,55.66564209
471,National Nature Reserve,Lindisfarne,-1.82808057,55.66564209
472,National Nature Reserve,Lindisfarne,-1.82808057,55.66564209
473,National Nature Reserve,Lindisfarne,-1.82808057,55.66564209
474,National Nature Reserve,Lindisfarne,-1.82808057,55.66564209
475,National Nature Reserve,Suffolk Coast,1.632529094,52.29603665
476,National Nature Reserve,Suffolk Coast,1.632529094,52.29603665
477,National Nature Reserve,Suffolk Coast,1.632529094,52.29603665
478,National Nature Reserve,Suffolk Coast,1.632529094,52.29603665
479,National Nature Reserve,Suffolk Coast,1.632529094,52.29603665
480,National Nature Reserve,Suffolk Coast,1.632529094,52.29603665
481,National Nature Reserve,Suffolk Coast,1.632529094,52.29603665
482,National Nature Reserve,Downton Gorge,-2.824259503,52.35916624
483,National Nature Reserve,Kingley Vale,-0.829018035,50.89501008
484,National Nature Reserve,Chartley Moss,-1.966867465,52.85110362
485,National Nature Reserve,Lydden Temple Ewell,1.26787422,51.1565156
486,National Nature Reserve,Redgrave & Lopham Fen,1.008975235,52.37626207
487,National Nature Reserve,Leigh Woods,-2.635390643,51.45825693
488,National Nature Reserve,Leigh Woods,-2.635390643,51.45825693
489,National Nature Reserve,Barnack Hills and Holes,-0.412069775,52.62862569
490,National Nature Reserve,Highbury Wood,-2.668162157,51.77431115
491,National Nature Reserve,Drumburgh Moss,-3.164450123,54.91585047
492,National Nature Reserve,Drumburgh Moss,-3.164450123,54.91585047
493,National Nature Reserve,South Solway Mosses,-3.217750037,54.86431326
494,National Nature Reserve,South Solway Mosses,-3.217750037,54.86431326
495,National Nature Reserve,South Solway Mosses,-3.217750037,54.86431326
496,National Nature Reserve,South Solway Mosses,-3.217750037,54.86431326
497,National Nature Reserve,South Solway Mosses,-3.217750037,54.86431326
498,National Nature Reserve,South Solway Mosses,-3.217750037,54.86431326
499,National Nature Reserve,South Solway Mosses,-3.217750037,54.86431326
500,National Nature Reserve,South Solway Mosses,-3.217750037,54.86431326
501,National Nature Reserve,South Solway Mosses,-3.217750037,54.86431326
502,National Nature Reserve,South Solway Mosses,-3.217750037,54.86431326
503,National Nature Reserve,South Solway Mosses,-3.217750037,54.86431326
504,National Nature Reserve,South Solway Mosses,-3.217750037,54.86431326
505,National Nature Reserve,South Solway Mosses,-3.217750037,54.86431326
506,National Nature Reserve,South Solway Mosses,-3.217750037,54.86431326
507,National Nature Reserve,Derwent Gorge and Muggleswick Woods,-1.913886477,54.83546366
508,National Nature Reserve,Derwent Gorge and Muggleswick Woods,-1.913886477,54.83546366
509,National Nature Reserve,Derwent Gorge and Muggleswick Woods,-1.913886477,54.83546366
510,National Nature Reserve,Derwent Gorge and Muggleswick Woods,-1.913886477,54.83546366
511,National Nature Reserve,Moor House-Upper Teesdale,-2.241477567,54.63997733
512,National Nature Reserve,Moor House-Upper Teesdale,-2.241477567,54.63997733
513,National Nature Reserve,Moor House-Upper Teesdale,-2.241477567,54.63997733
514,National Nature Reserve,Moor House-Upper Teesdale,-2.241477567,54.63997733
515,National Nature Reserve,Moor House-Upper Teesdale,-2.241477567,54.63997733
516,National Nature Reserve,Moor House-Upper Teesdale,-2.241477567,54.63997733
517,National Nature Reserve,Moor House-Upper Teesdale,-2.241477567,54.63997733
518,National Nature Reserve,The Hudnalls,-2.678027649,51.72425266
519,National Nature Reserve,Blean Woods,1.016324999,51.30085654
520,National Nature Reserve,Blean Woods,1.016324999,51.30085654
521,National Nature Reserve,Blean Woods,1.016324999,51.30085654
522,National Nature Reserve,Blean Woods,1.016324999,51.30085654
523,National Nature Reserve,Blean Woods,1.016324999,51.30085654
524,National Nature Reserve,Castle Hill,-0.05162415,50.84441748
525,National Nature Reserve,Cotswold Commons and Beechwoods,-2.157439834,51.8028332
526,National Nature Reserve,Cotswold Commons and Beechwoods,-2.157439834,51.8028332
527,National Nature Reserve,Cotswold Commons and Beechwoods,-2.157439834,51.8028332
528,National Nature Reserve,Cotswold Commons and Beechwoods,-2.157439834,51.8028332
529,National Nature Reserve,Cotswold Commons and Beechwoods,-2.157439834,51.8028332
530,National Nature Reserve,Cotswold Commons and Beechwoods,-2.157439834,51.8028332
531,National Nature Reserve,Cotswold Commons and Beechwoods,-2.157439834,51.8028332
532,National Nature Reserve,Cotswold Commons and Beechwoods,-2.157439834,51.8028332
533,National Nature Reserve,Cotswold Commons and Beechwoods,-2.157439834,51.8028332
534,National Nature Reserve,Cotswold Commons and Beechwoods,-2.157439834,51.8028332
535,National Nature Reserve,Cotswold Commons and Beechwoods,-2.157439834,51.8028332
536,National Nature Reserve,Cotswold Commons and Beechwoods,-2.157439834,51.8028332
537,National Nature Reserve,Cotswold Commons and Beechwoods,-2.157439834,51.8028332
538,National Nature Reserve,Cotswold Commons and Beechwoods,-2.157439834,51.8028332
539,National Nature Reserve,Cotswold Commons and Beechwoods,-2.157439834,51.8028332
540,National Nature Reserve,Roudsea Wood and Mosses,-3.021887744,54.23107704
541,National Nature Reserve,Roudsea Wood and Mosses,-3.021887744,54.23107704
542,National Nature Reserve,Dungeness,0.949803095,50.93151955
543,National Nature Reserve,Dungeness,0.949803095,50.93151955
544,National Nature Reserve,Dungeness,0.949803095,50.93151955
545,National Nature Reserve,Dungeness,0.949803095,50.93151955
546,National Nature Reserve,Dungeness,0.949803095,50.93151955
547,National Nature Reserve,Dungeness,0.949803095,50.93151955
548,National Nature Reserve,Dungeness,0.949803095,50.93151955
549,National Nature Reserve,Dungeness,0.949803095,50.93151955
550,National Nature Reserve,Dungeness,0.949803095,50.93151955
551,National Nature Reserve,Dungeness,0.949803095,50.93151955
552,National Nature Reserve,Dungeness,0.949803095,50.93151955
553,National Nature Reserve,King's Wood and Rushmere,-0.660736175,51.95606012
554,National Nature Reserve,King's Wood and Rushmere,-0.660736175,51.95606012
555,National Nature Reserve,King's Wood and Rushmere,-0.660736175,51.95606012
556,National Nature Reserve,King's Wood and Rushmere,-0.660736175,51.95606012
557,National Nature Reserve,King's Wood and Rushmere,-0.660736175,51.95606012
558,National Nature Reserve,King's Wood and Rushmere,-0.660736175,51.95606012
559,National Nature Reserve,King's Wood and Rushmere,-0.660736175,51.95606012
560,National Nature Reserve,King's Wood and Rushmere,-0.660736175,51.95606012
561,National Nature Reserve,King's Wood and Rushmere,-0.660736175,51.95606012
562,National Nature Reserve,Ribble Estuary,-2.969640908,53.71262468
563,National Nature Reserve,Ribble Estuary,-2.969640908,53.71262468
564,National Nature Reserve,Ribble Estuary,-2.969640908,53.71262468
565,National Nature Reserve,Ribble Estuary,-2.969640908,53.71262468
566,National Nature Reserve,Ribble Estuary,-2.969640908,53.71262468
567,National Nature Reserve,Ribble Estuary,-2.969640908,53.71262468
568,National Nature Reserve,Ribble Estuary,-2.969640908,53.71262468
569,National Nature Reserve,Ribble Estuary,-2.969640908,53.71262468
570,National Nature Reserve,Ribble Estuary,-2.969640908,53.71262468
571,National Nature Reserve,Ribble Estuary,-2.969640908,53.71262468
572,National Nature Reserve,Ribble Estuary,-2.969640908,53.71262468
573,National Nature Reserve,Ribble Estuary,-2.969640908,53.71262468
574,National Nature Reserve,Ribble Estuary,-2.969640908,53.71262468
575,National Nature Reserve,Ribble Estuary,-2.969640908,53.71262468
576,National Nature Reserve,Ribble Estuary,-2.969640908,53.71262468
577,National Nature Reserve,Sherwood Forest,-1.078927315,53.20899626
578,National Nature Reserve,Cassop,-1.49447591,54.74091155
579,National Nature Reserve,Ingleborough,-2.365864315,54.18104598
580,National Nature Reserve,Ingleborough,-2.365864315,54.18104598
581,National Nature Reserve,Ingleborough,-2.365864315,54.18104598
582,National Nature Reserve,Ingleborough,-2.365864315,54.18104598
583,National Nature Reserve,Wybunbury Moss,-2.453603306,53.04837897
584,National Nature Reserve,Wybunbury Moss,-2.453603306,53.04837897
585,National Nature Reserve,Smardale Gill,-2.42032993,54.45999724
586,National Nature Reserve,Barrington Hill,-2.997771688,50.94766519
587,National Nature Reserve,Bolton Fell and Walton Mosses,-2.796510736,55.01042723
588,National Nature Reserve,Bolton Fell and Walton Mosses,-2.796510736,55.01042723
589,National Nature Reserve,Bolton Fell and Walton Mosses,-2.796510736,55.01042723
590,National Nature Reserve,South London Downs,-0.128990002,51.29558426
591,National Nature Reserve,South London Downs,-0.128990002,51.29558426
592,National Nature Reserve,South London Downs,-0.128990002,51.29558426
593,National Nature Reserve,Kingcombe,-2.643459725,50.78191106
594,National Nature Reserve,Kingcombe,-2.643459725,50.78191106
595,National Nature Reserve,Kingcombe,-2.643459725,50.78191106
596,National Nature Reserve,Kingcombe,-2.643459725,50.78191106
597,National Nature Reserve,Kingcombe,-2.643459725,50.78191106
598,National Nature Reserve,Kingcombe,-2.643459725,50.78191106
599,National Nature Reserve,Kingcombe,-2.643459725,50.78191106
600,National Nature Reserve,Kingcombe,-2.643459725,50.78191106
601,National Nature Reserve,Kingcombe,-2.643459725,50.78191106
602,National Nature Reserve,Castle Eden Dene,-1.329214127,54.7494194
603,National Nature Reserve,Castle Eden Dene,-1.329214127,54.7494194
604,National Nature Reserve,Castle Eden Dene,-1.329214127,54.7494194
605,National Nature Reserve,Durham Coast,-1.247560905,54.7257297
606,National Nature Reserve,Durham Coast,-1.247560905,54.7257297
607,National Nature Reserve,Durham Coast,-1.247560905,54.7257297
608,National Nature Reserve,Durham Coast,-1.247560905,54.7257297
609,National Nature Reserve,Durham Coast,-1.247560905,54.7257297
610,National Nature Reserve,Holt Heath,-1.922352423,50.83895945
611,National Nature Reserve,Holt Heath,-1.922352423,50.83895945
612,National Nature Reserve,Holt Heath,-1.922352423,50.83895945
613,National Nature Reserve,Holt Heath,-1.922352423,50.83895945
614,National Nature Reserve,Holt Heath,-1.922352423,50.83895945
615,National Nature Reserve,Holt Heath,-1.922352423,50.83895945
616,National Nature Reserve,Holt Heath,-1.922352423,50.83895945
617,National Nature Reserve,Holt Heath,-1.922352423,50.83895945
618,National Nature Reserve,Holt Heath,-1.922352423,50.83895945
619,National Nature Reserve,Holt Heath,-1.922352423,50.83895945
620,National Nature Reserve,Derbyshire Dales,-1.739456192,53.25617082
621,National Nature Reserve,Derbyshire Dales,-1.739456192,53.25617082
622,National Nature Reserve,Derbyshire Dales,-1.739456192,53.25617082
623,National Nature Reserve,Derbyshire Dales,-1.739456192,53.25617082
624,National Nature Reserve,Derbyshire Dales,-1.739456192,53.25617082
625,National Nature Reserve,Derbyshire Dales,-1.739456192,53.25617082
626,National Nature Reserve,Arne Reedbeds,-2.070982118,50.68581416
627,National Nature Reserve,Dengie,0.956982701,51.69130523
628,National Nature Reserve,Humberhead Peatlands,-0.896826508,53.63139086
629,National Nature Reserve,Humberhead Peatlands,-0.896826508,53.63139086
630,National Nature Reserve,Humberhead Peatlands,-0.896826508,53.63139086
631,National Nature Reserve,Humberhead Peatlands,-0.896826508,53.63139086
632,National Nature Reserve,Wild Ennerdale,-3.328946628,54.5087638
633,National Nature Reserve,Wild Ennerdale,-3.328946628,54.5087638
634,National Nature Reserve,Chippenham Fen,0.414929809,52.29834353
635,National Nature Reserve,Holme Fen,-0.22408956,52.48548557
636,National Nature Reserve,Holme Fen,-0.22408956,52.48548557
637,National Nature Reserve,Holme Fen,-0.22408956,52.48548557
638,National Nature Reserve,Wicken Fen,0.278749765,52.30701703
639,National Nature Reserve,Ebernoe Common,-0.608751454,51.03513306
640,National Nature Reserve,Parsonage Down,-1.923374043,51.17286567
641,National Nature Reserve,Woodwalton Fen,-0.19188832,52.44447915
642,National Nature Reserve,Broxbourne Woods,-0.089247152,51.73591343
643,National Nature Reserve,Broxbourne Woods,-0.089247152,51.73591343
644,National Nature Reserve,Broxbourne Woods,-0.089247152,51.73591343
645,National Nature Reserve,Broxbourne Woods,-0.089247152,51.73591343
646,National Nature Reserve,Broxbourne Woods,-0.089247152,51.73591343
647,National Nature Reserve,Hog Cliff,-2.543295576,50.77614368
648,National Nature Reserve,Hog Cliff,-2.543295576,50.77614368
649,National Nature Reserve,Hog Cliff,-2.543295576,50.77614368
650,National Nature Reserve,Stodmarsh,1.193500944,51.31370978
651,National Nature Reserve,Bassenthwaite Lake,-3.214510069,54.651449
652,National Nature Reserve,Somerset Wetlands,-3.053931082,51.21739829
653,National Nature Reserve,Somerset Wetlands,-3.053931082,51.21739829
654,National Nature Reserve,Somerset Wetlands,-3.053931082,51.21739829
655,National Nature Reserve,Somerset Wetlands,-3.053931082,51.21739829
656,National Nature Reserve,Somerset Wetlands,-3.053931082,51.21739829
657,National Nature Reserve,Somerset Wetlands,-3.053931082,51.21739829
658,National Nature Reserve,Somerset Wetlands,-3.053931082,51.21739829
659,National Nature Reserve,Somerset Wetlands,-3.053931082,51.21739829
660,National Nature Reserve,Somerset Wetlands,-3.053931082,51.21739829
661,National Nature Reserve,Somerset Wetlands,-3.053931082,51.21739829
662,National Nature Reserve,Somerset Wetlands,-3.053931082,51.21739829
663,National Nature Reserve,Somerset Wetlands,-3.053931082,51.21739829
664,National Nature Reserve,Somerset Wetlands,-3.053931082,51.21739829
665,National Nature Reserve,Somerset Wetlands,-3.053931082,51.21739829
666,National Nature Reserve,Somerset Wetlands,-3.053931082,51.21739829
667,National Nature Reserve,Somerset Wetlands,-3.053931082,51.21739829
668,National Nature Reserve,Somerset Wetlands,-3.053931082,51.21739829
669,National Nature Reserve,Somerset Wetlands,-3.053931082,51.21739829
670,National Nature Reserve,Somerset Wetlands,-3.053931082,51.21739829
671,National Nature Reserve,Somerset Wetlands,-3.053931082,51.21739829
672,National Nature Reserve,Somerset Wetlands,-3.053931082,51.21739829
673,National Nature Reserve,Somerset Wetlands,-3.053931082,51.21739829
674,National Nature Reserve,Somerset Wetlands,-3.053931082,51.21739829
675,National Nature Reserve,Somerset Wetlands,-3.053931082,51.21739829
676,National Nature Reserve,Somerset Wetlands,-3.053931082,51.21739829
677,National Nature Reserve,Somerset Wetlands,-3.053931082,51.21739829
678,National Nature Reserve,Somerset Wetlands,-3.053931082,51.21739829
679,National Nature Reserve,Somerset Wetlands,-3.053931082,51.21739829
680,National Nature Reserve,Somerset Wetlands,-3.053931082,51.21739829
681,National Nature Reserve,Somerset Wetlands,-3.053931082,51.21739829
682,National Nature Reserve,Somerset Wetlands,-3.053931082,51.21739829
683,National Nature Reserve,Somerset Wetlands,-3.053931082,51.21739829
684,National Nature Reserve,Somerset Wetlands,-3.053931082,51.21739829
685,National Nature Reserve,Somerset Wetlands,-3.053931082,51.21739829
686,National Nature Reserve,Somerset Wetlands,-3.053931082,51.21739829
687,National Nature Reserve,Somerset Wetlands,-3.053931082,51.21739829
688,National Nature Reserve,Somerset Wetlands,-3.053931082,51.21739829
689,National Nature Reserve,Somerset Wetlands,-3.053931082,51.21739829
690,National Nature Reserve,Somerset Wetlands,-3.053931082,51.21739829
691,National Nature Reserve,Somerset Wetlands,-3.053931082,51.21739829
692,National Nature Reserve,Somerset Wetlands,-3.053931082,51.21739829
693,National Nature Reserve,Somerset Wetlands,-3.053931082,51.21739829
694,National Nature Reserve,Somerset Wetlands,-3.053931082,51.21739829
695,National Nature Reserve,Somerset Wetlands,-3.053931082,51.21739829
696,National Nature Reserve,Somerset Wetlands,-3.053931082,51.21739829
697,National Nature Reserve,Somerset Wetlands,-3.053931082,51.21739829
698,National Nature Reserve,Somerset Wetlands,-3.053931082,51.21739829
699,National Nature Reserve,Somerset Wetlands,-3.053931082,51.21739829
700,National Nature Reserve,Somerset Wetlands,-3.053931082,51.21739829
701,National Nature Reserve,Somerset Wetlands,-3.053931082,51.21739829
702,National Nature Reserve,Somerset Wetlands,-3.053931082,51.21739829
703,National Nature Reserve,Somerset Wetlands,-3.053931082,51.21739829
704,National Nature Reserve,Somerset Wetlands,-3.053931082,51.21739829
705,National Nature Reserve,Somerset Wetlands,-3.053931082,51.21739829
706,National Nature Reserve,Somerset Wetlands,-3.053931082,51.21739829
707,National Nature Reserve,Somerset Wetlands,-3.053931082,51.21739829
708,National Nature Reserve,Somerset Wetlands,-3.053931082,51.21739829
709,National Nature Reserve,Somerset Wetlands,-3.053931082,51.21739829
710,National Nature Reserve,Somerset Wetlands,-3.053931082,51.21739829
711,National Nature Reserve,Somerset Wetlands,-3.053931082,51.21739829
712,National Nature Reserve,Somerset Wetlands,-3.053931082,51.21739829
713,National Nature Reserve,Somerset Wetlands,-3.053931082,51.21739829
714,National Nature Reserve,Somerset Wetlands,-3.053931082,51.21739829
715,National Nature Reserve,Somerset Wetlands,-3.053931082,51.21739829
716,National Nature Reserve,Somerset Wetlands,-3.053931082,51.21739829
717,National Nature Reserve,Somerset Wetlands,-3.053931082,51.21739829
718,National Nature Reserve,Somerset Wetlands,-3.053931082,51.21739829
719,National Nature Reserve,Somerset Wetlands,-3.053931082,51.21739829
720,National Nature Reserve,Somerset Wetlands,-3.053931082,51.21739829
721,National Nature Reserve,Somerset Wetlands,-3.053931082,51.21739829
722,National Nature Reserve,Somerset Wetlands,-3.053931082,51.21739829
723,National Nature Reserve,Somerset Wetlands,-3.053931082,51.21739829
724,National Nature Reserve,Somerset Wetlands,-3.053931082,51.21739829
725,National Nature Reserve,Somerset Wetlands,-3.053931082,51.21739829
726,National Nature Reserve,Somerset Wetlands,-3.053931082,51.21739829
727,National Nature Reserve,Somerset Wetlands,-3.053931082,51.21739829
728,National Nature Reserve,Somerset Wetlands,-3.053931082,51.21739829
729,National Nature Reserve,Somerset Wetlands,-3.053931082,51.21739829
730,National Nature Reserve,Somerset Wetlands,-3.053931082,51.21739829
731,National Nature Reserve,Somerset Wetlands,-3.053931082,51.21739829
732,National Nature Reserve,Somerset Wetlands,-3.053931082,51.21739829
733,National Nature Reserve,Somerset Wetlands,-3.053931082,51.21739829
734,National Nature Reserve,Somerset Wetlands,-3.053931082,51.21739829
735,National Nature Reserve,Somerset Wetlands,-3.053931082,51.21739829
736,National Nature Reserve,Somerset Wetlands,-3.053931082,51.21739829
737,National Nature Reserve,Somerset Wetlands,-3.053931082,51.21739829
738,National Nature Reserve,Somerset Wetlands,-3.053931082,51.21739829
739,National Nature Reserve,Somerset Wetlands,-3.053931082,51.21739829
740,National Nature Reserve,Somerset Wetlands,-3.053931082,51.21739829
741,National Nature Reserve,Somerset Wetlands,-3.053931082,51.21739829
742,National Nature Reserve,Somerset Wetlands,-3.053931082,51.21739829
743,National Nature Reserve,Somerset Wetlands,-3.053931082,51.21739829
744,National Nature Reserve,Somerset Wetlands,-3.053931082,51.21739829
745,National Nature Reserve,Somerset Wetlands,-3.053931082,51.21739829
746,National Nature Reserve,Somerset Wetlands,-3.053931082,51.21739829
747,National Nature Reserve,Somerset Wetlands,-3.053931082,51.21739829
748,National Nature Reserve,Somerset Wetlands,-3.053931082,51.21739829
749,National Nature Reserve,Somerset Wetlands,-3.053931082,51.21739829
750,National Nature Reserve,Somerset Wetlands,-3.053931082,51.21739829
751,National Nature Reserve,Somerset Wetlands,-3.053931082,51.21739829
752,National Nature Reserve,Somerset Wetlands,-3.053931082,51.21739829
753,National Nature Reserve,Somerset Wetlands,-3.053931082,51.21739829
754,National Nature Reserve,Somerset Wetlands,-3.053931082,51.21739829
755,National Nature Reserve,Somerset Wetlands,-3.053931082,51.21739829
756,National Nature Reserve,Somerset Wetlands,-3.053931082,51.21739829
757,National Nature Reserve,Somerset Wetlands,-3.053931082,51.21739829
758,National Nature Reserve,Somerset Wetlands,-3.053931082,51.21739829
759,National Nature Reserve,Somerset Wetlands,-3.053931082,51.21739829
760,National Nature Reserve,Somerset Wetlands,-3.053931082,51.21739829
761,National Nature Reserve,Somerset Wetlands,-3.053931082,51.21739829
762,National Nature Reserve,Somerset Wetlands,-3.053931082,51.21739829
763,National Nature Reserve,Somerset Wetlands,-3.053931082,51.21739829
764,National Nature Reserve,Somerset Wetlands,-3.053931082,51.21739829
765,National Nature Reserve,Somerset Wetlands,-3.053931082,51.21739829
766,National Nature Reserve,Somerset Wetlands,-3.053931082,51.21739829
767,National Nature Reserve,Somerset Wetlands,-3.053931082,51.21739829
768,National Nature Reserve,Somerset Wetlands,-3.053931082,51.21739829
769,National Nature Reserve,Somerset Wetlands,-3.053931082,51.21739829
770,National Nature Reserve,Somerset Wetlands,-3.053931082,51.21739829
771,National Nature Reserve,Somerset Wetlands,-3.053931082,51.21739829
772,National Nature Reserve,Somerset Wetlands,-3.053931082,51.21739829
773,National Nature Reserve,Somerset Wetlands,-3.053931082,51.21739829
774,National Nature Reserve,Somerset Wetlands,-3.053931082,51.21739829
775,National Nature Reserve,Somerset Wetlands,-3.053931082,51.21739829
776,National Nature Reserve,Somerset Wetlands,-3.053931082,51.21739829
777,National Nature Reserve,Somerset Wetlands,-3.053931082,51.21739829
778,National Nature Reserve,Somerset Wetlands,-3.053931082,51.21739829
779,National Nature Reserve,Somerset Wetlands,-3.053931082,51.21739829
780,National Nature Reserve,Somerset Wetlands,-3.053931082,51.21739829
781,National Nature Reserve,Somerset Wetlands,-3.053931082,51.21739829
782,National Nature Reserve,Somerset Wetlands,-3.053931082,51.21739829
783,National Nature Reserve,Somerset Wetlands,-3.053931082,51.21739829
784,National Nature Reserve,Somerset Wetlands,-3.053931082,51.21739829
785,National Nature Reserve,Somerset Wetlands,-3.053931082,51.21739829
786,National Nature Reserve,Somerset Wetlands,-3.053931082,51.21739829
787,National Nature Reserve,Somerset Wetlands,-3.053931082,51.21739829
788,National Nature Reserve,Somerset Wetlands,-3.053931082,51.21739829
789,National Nature Reserve,Somerset Wetlands,-3.053931082,51.21739829
790,National Nature Reserve,Somerset Wetlands,-3.053931082,51.21739829
791,National Nature Reserve,Somerset Wetlands,-3.053931082,51.21739829
792,National Nature Reserve,Somerset Wetlands,-3.053931082,51.21739829
793,National Nature Reserve,Somerset Wetlands,-3.053931082,51.21739829
794,National Nature Reserve,Somerset Wetlands,-3.053931082,51.21739829
795,National Nature Reserve,Somerset Wetlands,-3.053931082,51.21739829
796,National Nature Reserve,Somerset Wetlands,-3.053931082,51.21739829
797,National Nature Reserve,Somerset Wetlands,-3.053931082,51.21739829
798,National Nature Reserve,Somerset Wetlands,-3.053931082,51.21739829
799,National Nature Reserve,Somerset Wetlands,-3.053931082,51.21739829
800,National Nature Reserve,Somerset Wetlands,-3.053931082,51.21739829
801,National Nature Reserve,Dersingham Bog,0.481241424,52.83006797
802,National Nature Reserve,Dovedale,-1.78268471,53.0698604
803,National Nature Reserve,Dovedale,-1.78268471,53.0698604
804,National Nature Reserve,Dovedale,-1.78268471,53.0698604
805,National Nature Reserve,Dovedale,-1.78268471,53.0698604
806,National Nature Reserve,Dovedale,-1.78268471,53.0698604
807,National Nature Reserve,Dovedale,-1.78268471,53.0698604
808,National Nature Reserve,Dovedale,-1.78268471,53.0698604
809,National Nature Reserve,Dovedale,-1.78268471,53.0698604
810,National Nature Reserve,Swanton Novers,0.97922644,52.84516145
811,National Nature Reserve,Swanton Novers,0.97922644,52.84516145
812,National Nature Reserve,Swanton Novers,0.97922644,52.84516145
813,National Nature Reserve,Swanton Novers,0.97922644,52.84516145
814,National Nature Reserve,The Flashes of Wigan and Leigh,-2.555661832,53.50828666
815,National Nature Reserve,The Flashes of Wigan and Leigh,-2.555661832,53.50828666
816,National Nature Reserve,The Flashes of Wigan and Leigh,-2.555661832,53.50828666
817,National Nature Reserve,The Flashes of Wigan and Leigh,-2.555661832,53.50828666
818,National Nature Reserve,The Flashes of Wigan and Leigh,-2.555661832,53.50828666
819,National Nature Reserve,The Flashes of Wigan and Leigh,-2.555661832,53.50828666
820,National Nature Reserve,The Flashes of Wigan and Leigh,-2.555661832,53.50828666
821,National Nature Reserve,The Flashes of Wigan and Leigh,-2.555661832,53.50828666
822,National Nature Reserve,The Flashes of Wigan and Leigh,-2.555661832,53.50828666
823,National Nature Reserve,The Flashes of Wigan and Leigh,-2.555661832,53.50828666
824,National Nature Reserve,The Flashes of Wigan and Leigh,-2.555661832,53.50828666
825,National Nature Reserve,The Flashes of Wigan and Leigh,-2.555661832,53.50828666
826,National Nature Reserve,Hamford Water,1.238381301,51.88221732
827,National Nature Reserve,Hamford Water,1.238381301,51.88221732
828,National Nature Reserve,Hamford Water,1.238381301,51.88221732
829,National Nature Reserve,Lady Park Wood,-2.657678686,51.8263785
830,National Nature Reserve,Bure Marshes,1.459800817,52.69329376
831,National Nature Reserve,Bure Marshes,1.459800817,52.69329376
832,National Nature Reserve,Bure Marshes,1.459800817,52.69329376
833,National Nature Reserve,Hickling Broad,1.588960751,52.73392114
834,National Nature Reserve,Hickling Broad,1.588960751,52.73392114
835,National Nature Reserve,How Hill,1.503244873,52.7200416
836,National Nature Reserve,Ludham & Potter Heigham Marshes,1.561536944,52.70454183
837,National Nature Reserve,Ludham & Potter Heigham Marshes,1.561536944,52.70454183
838,National Nature Reserve,Ludham & Potter Heigham Marshes,1.561536944,52.70454183
839,National Nature Reserve,Martham Broad,1.637252573,52.72510036
840,National Nature Reserve,Mid-Yare,1.461825482,52.59736505
841,National Nature Reserve,Mid-Yare,1.461825482,52.59736505
842,National Nature Reserve,Mid-Yare,1.461825482,52.59736505
843,National Nature Reserve,Mid-Yare,1.461825482,52.59736505
844,National Nature Reserve,Mid-Yare,1.461825482,52.59736505
845,National Nature Reserve,Mid-Yare,1.461825482,52.59736505
846,National Nature Reserve,Ant Broads and Marshes,1.496621033,52.73948805
847,National Nature Reserve,Ant Broads and Marshes,1.496621033,52.73948805
848,National Nature Reserve,Ant Broads and Marshes,1.496621033,52.73948805
849,National Nature Reserve,Richmond Park,-0.276499999,51.44184011
850,National Nature Reserve,Skipwith Common,-1.00125123,53.82827885
851,National Nature Reserve,Skipwith Common,-1.00125123,53.82827885
852,National Nature Reserve,Mottey Meadows,-2.23902314,52.71658974
853,National Nature Reserve,Mottey Meadows,-2.23902314,52.71658974
854,National Nature Reserve,Duddon Mosses,-3.193031799,54.25881841
855,National Nature Reserve,Duddon Mosses,-3.193031799,54.25881841
856,National Nature Reserve,Duddon Mosses,-3.193031799,54.25881841
857,National Nature Reserve,Duddon Mosses,-3.193031799,54.25881841
858,National Nature Reserve,Duddon Mosses,-3.193031799,54.25881841
859,National Nature Reserve,Duddon Mosses,-3.193031799,54.25881841
860,National Nature Reserve,Duddon Mosses,-3.193031799,54.25881841
861,National Nature Reserve,Duddon Mosses,-3.193031799,54.25881841
862,National Nature Reserve,Duddon Mosses,-3.193031799,54.25881841
863,National Nature Reserve,Duddon Mosses,-3.193031799,54.25881841
864,National Nature Reserve,East Dartmoor Woods & Heaths,-3.731611886,50.60342152
865,National Nature Reserve,East Dartmoor Woods & Heaths,-3.731611886,50.60342152
866,National Nature Reserve,East Dartmoor Woods & Heaths,-3.731611886,50.60342152
867,National Nature Reserve,Prescombe Down,-2.022284186,51.02817166
868,National Nature Reserve,Bradfield Woods,0.824652529,52.18216085
869,National Nature Reserve,Orfordness-Havergate,1.553676247,52.08726551
870,National Nature Reserve,Orfordness-Havergate,1.553676247,52.08726551
871,National Nature Reserve,Chobham Common,-0.599442238,51.37282193
872,National Nature Reserve,Chobham Common,-0.599442238,51.37282193
873,National Nature Reserve,Chobham Common,-0.599442238,51.37282193
874,National Nature Reserve,Chobham Common,-0.599442238,51.37282193
875,National Nature Reserve,Chobham Common,-0.599442238,51.37282193
876,National Nature Reserve,Chobham Common,-0.599442238,51.37282193
877,National Nature Reserve,Thursley,-0.699828394,51.1586488
878,National Nature Reserve,Thursley,-0.699828394,51.1586488
879,National Nature Reserve,Thursley,-0.699828394,51.1586488
880,National Nature Reserve,Thursley,-0.699828394,51.1586488
881,National Nature Reserve,Whitbarrow,-2.849310751,54.27201414
882,National Nature Reserve,The Lizard,-5.178640169,50.02867524
883,National Nature Reserve,The Lizard,-5.178640169,50.02867524
884,National Nature Reserve,The Lizard,-5.178640169,50.02867524
885,National Nature Reserve,The Lizard,-5.178640169,50.02867524
886,National Nature Reserve,The Lizard,-5.178640169,50.02867524
887,National Nature Reserve,The Lizard,-5.178640169,50.02867524
888,National Nature Reserve,The Lizard,-5.178640169,50.02867524
889,National Nature Reserve,The Lizard,-5.178640169,50.02867524
890,National Nature Reserve,The Lizard,-5.178640169,50.02867524
891,National Nature Reserve,The Lizard,-5.178640169,50.02867524
892,National Nature Reserve,The Lizard,-5.178640169,50.02867524
893,National Nature Reserve,The Lizard,-5.178640169,50.02867524
894,National Nature Reserve,The Lizard,-5.178640169,50.02867524
895,National Nature Reserve,The Lizard,-5.178640169,50.02867524
896,National Nature Reserve,The Lizard,-5.178640169,50.02867524
897,National Nature Reserve,The Lizard,-5.178640169,50.02867524
898,National Nature Reserve,The Lizard,-5.178640169,50.02867524
899,National Nature Reserve,The Lizard,-5.178640169,50.02867524
900,National Nature Reserve,The Lizard,-5.178640169,50.02867524
901,National Nature Reserve,The Lizard,-5.178640169,50.02867524
902,National Nature Reserve,The Lizard,-5.178640169,50.02867524
903,National Nature Reserve,The Lizard,-5.178640169,50.02867524
904,National Nature Reserve,The Lizard,-5.178640169,50.02867524
905,National Nature Reserve,The Lizard,-5.178640169,50.02867524
906,National Nature Reserve,The Lizard,-5.178640169,50.02867524
907,National Nature Reserve,The Lizard,-5.178640169,50.02867524
908,National Nature Reserve,The Lizard,-5.178640169,50.02867524
909,National Nature Reserve,The Lizard,-5.178640169,50.02867524
910,National Nature Reserve,The Lizard,-5.178640169,50.02867524
911,National Nature Reserve,The Lizard,-5.178640169,50.02867524
912,National Nature Reserve,The Lizard,-5.178640169,50.02867524
913,National Nature Reserve,The Lizard,-5.178640169,50.02867524
914,National Nature Reserve,The Lizard,-5.178640169,50.02867524
915,National Nature Reserve,The Lizard,-5.178640169,50.02867524
916,National Nature Reserve,The Lizard,-5.178640169,50.02867524
917,National Nature Reserve,The Lizard,-5.178640169,50.02867524
918,National Nature Reserve,The Lizard,-5.178640169,50.02867524
919,National Nature Reserve,The Lizard,-5.178640169,50.02867524
920,National Nature Reserve,The Lizard,-5.178640169,50.02867524
921,National Nature Reserve,The Lizard,-5.178640169,50.02867524
922,National Nature Reserve,The Lizard,-5.178640169,50.02867524
923,National Nature Reserve,The Lizard,-5.178640169,50.02867524
924,National Nature Reserve,The Lizard,-5.178640169,50.02867524
925,National Nature Reserve,The Lizard,-5.178640169,50.02867524
926,National Nature Reserve,The Lizard,-5.178640169,50.02867524
927,National Nature Reserve,The Lizard,-5.178640169,50.02867524
928,National Nature Reserve,The Lizard,-5.178640169,50.02867524
929,National Nature Reserve,The Lizard,-5.178640169,50.02867524
930,National Nature Reserve,The Lizard,-5.178640169,50.02867524
931,National Nature Reserve,The Lizard,-5.178640169,50.02867524
932,National Nature Reserve,The Lizard,-5.178640169,50.02867524
933,National Nature Reserve,The Lizard,-5.178640169,50.02867524
934,National Nature Reserve,The Lizard,-5.178640169,50.02867524
935,National Nature Reserve,The Lizard,-5.178640169,50.02867524
936,National Nature Reserve,The Lizard,-5.178640169,50.02867524
937,National Nature Reserve,The Lizard,-5.178640169,50.02867524
938,National Nature Reserve,The Lizard,-5.178640169,50.02867524
939,National Nature Reserve,The Lizard,-5.178640169,50.02867524
940,National Nature Reserve,The Lizard,-5.178640169,50.02867524
941,National Nature Reserve,The Lizard,-5.178640169,50.02867524
942,National Nature Reserve,The Lizard,-5.178640169,50.02867524
943,National Nature Reserve,The Lizard,-5.178640169,50.02867524
944,National Nature Reserve,The Lizard,-5.178640169,50.02867524
945,National Nature Reserve,The Lizard,-5.178640169,50.02867524
946,National Nature Reserve,Langley Wood,-1.671497164,50.98561282
947,National Nature Reserve,Langley Wood,-1.671497164,50.98561282
948,National Nature Reserve,Langley Wood,-1.671497164,50.98561282
949,National Nature Reserve,Martin Down,-1.935366136,50.97507055
950,National Nature Reserve,Martin Down,-1.935366136,50.97507055
951,National Nature Reserve,North Solent,-1.416625526,50.78541073
952,National Nature Reserve,North Solent,-1.416625526,50.78541073
953,National Nature Reserve,North Solent,-1.416625526,50.78541073
954,National Nature Reserve,North Solent,-1.416625526,50.78541073
955,National Nature Reserve,North Solent,-1.416625526,50.78541073
956,National Nature Reserve,North Solent,-1.416625526,50.78541073
957,National Nature Reserve,North Solent,-1.416625526,50.78541073
958,National Nature Reserve,North Solent,-1.416625526,50.78541073
959,National Nature Reserve,North Solent,-1.416625526,50.78541073
960,National Nature Reserve,North Solent,-1.416625526,50.78541073
961,National Nature Reserve,Ashford Hangers,-0.946692668,51.03658725
962,National Nature Reserve,Ashford Hangers,-0.946692668,51.03658725
963,National Nature Reserve,Ashford Hangers,-0.946692668,51.03658725
964,National Nature Reserve,Newtown Harbour,-1.405903566,50.71881745
965,National Nature Reserve,Newtown Harbour,-1.405903566,50.71881745
966,National Nature Reserve,Newtown Harbour,-1.405903566,50.71881745
967,National Nature Reserve,Newtown Harbour,-1.405903566,50.71881745
968,National Nature Reserve,Newtown Harbour,-1.405903566,50.71881745
969,National Nature Reserve,Durlston,-1.962393114,50.59540135
970,National Nature Reserve,Holton Heath,-2.068404217,50.72215453
971,National Nature Reserve,Holton Heath,-2.068404217,50.72215453
972,National Nature Reserve,Holton Heath,-2.068404217,50.72215453
973,National Nature Reserve,Morden Bog,-2.124288986,50.72251477
974,National Nature Reserve,Morden Bog,-2.124288986,50.72251477
975,National Nature Reserve,Morden Bog,-2.124288986,50.72251477
976,National Nature Reserve,Purbeck Heaths,-2.025686066,50.66836932
977,National Nature Reserve,Purbeck Heaths,-2.025686066,50.66836932
978,National Nature Reserve,Purbeck Heaths,-2.025686066,50.66836932
979,National Nature Reserve,Purbeck Heaths,-2.025686066,50.66836932
980,National Nature Reserve,Purbeck Heaths,-2.025686066,50.66836932
981,National Nature Reserve,Purbeck Heaths,-2.025686066,50.66836932
982,National Nature Reserve,Purbeck Heaths,-2.025686066,50.66836932
983,National Nature Reserve,Purbeck Heaths,-2.025686066,50.66836932
984,National Nature Reserve,Purbeck Heaths,-2.025686066,50.66836932
985,National Nature Reserve,Purbeck Heaths,-2.025686066,50.66836932
986,National Nature Reserve,Purbeck Heaths,-2.025686066,50.66836932
987,National Nature Reserve,Purbeck Heaths,-2.025686066,50.66836932
988,National Nature Reserve,Purbeck Heaths,-2.025686066,50.66836932
989,National Nature Reserve,Purbeck Heaths,-2.025686066,50.66836932
990,National Nature Reserve,Purbeck Heaths,-2.025686066,50.66836932
991,National Nature Reserve,Purbeck Heaths,-2.025686066,50.66836932
992,National Nature Reserve,Purbeck Heaths,-2.025686066,50.66836932
993,National Nature Reserve,Purbeck Heaths,-2.025686066,50.66836932
994,National Nature Reserve,Purbeck Heaths,-2.025686066,50.66836932
995,National Nature Reserve,Purbeck Heaths,-2.025686066,50.66836932
996,National Nature Reserve,Purbeck Heaths,-2.025686066,50.66836932
997,National Nature Reserve,Purbeck Heaths,-2.025686066,50.66836932
998,National Nature Reserve,North Fen,-2.989020538,54.37023461
999,National Nature Reserve,Aston Rowant,-0.949663264,51.66312564
1000,National Nature Reserve,Aston Rowant,-0.949663264,51.66312564
1001,National Nature Reserve,Aston Rowant,-0.949663264,51.66312564
1002,National Nature Reserve,Aston Rowant,-0.949663264,51.66312564
1003,National Nature Reserve,Aston Rowant,-0.949663264,51.66312564
1004,National Nature Reserve,Aston Rowant,-0.949663264,51.66312564
1005,National Nature Reserve,Calke Park,-1.461651878,52.80265433
1006,National Nature Reserve,Calke Park,-1.461651878,52.80265433
1007,National Nature Reserve,Brettenham Heath,0.831210774,52.43811228
1008,National Nature Reserve,Elmley,0.799130811,51.38040438
1009,National Nature Reserve,Elmley,0.799130811,51.38040438
1010,National Nature Reserve,The Swale,0.926725186,51.36800989
1011,National Nature Reserve,The Swale,0.926725186,51.36800989
1012,National Nature Reserve,Pewsey Downs,-1.849894299,51.37325601
1013,National Nature Reserve,Pewsey Downs,-1.849894299,51.37325601
1014,National Nature Reserve,The Wash,0.30862008,52.84335618
1015,National Nature Reserve,The Wash,0.30862008,52.84335618
1016,National Nature Reserve,The Wash,0.30862008,52.84335618
1017,National Nature Reserve,The Wash,0.30862008,52.84335618
1018,National Nature Reserve,The Wash,0.30862008,52.84335618
1019,National Nature Reserve,The Wash,0.30862008,52.84335618
1020,National Nature Reserve,The Wash,0.30862008,52.84335618
1021,National Nature Reserve,The Wash,0.30862008,52.84335618
1022,National Nature Reserve,The Wash,0.30862008,52.84335618
1023,National Nature Reserve,Forge Valley Woods,-0.487611749,54.26641614
1024,National Nature Reserve,Forge Valley Woods,-0.487611749,54.26641614
1025,National Nature Reserve,Forge Valley Woods,-0.487611749,54.26641614
1026,National Nature Reserve,Ainsdale Sand Dunes,-3.078081827,53.58616592
1027,National Nature Reserve,Goss Moor,-4.875248922,50.4054028
1028,National Nature Reserve,Goss Moor,-4.875248922,50.4054028
1029,National Nature Reserve,Goss Moor,-4.875248922,50.4054028
1030,National Nature Reserve,Goss Moor,-4.875248922,50.4054028
1031,National Nature Reserve,Goss Moor,-4.875248922,50.4054028
1032,National Nature Reserve,Goss Moor,-4.875248922,50.4054028
1033,National Nature Reserve,Goss Moor,-4.875248922,50.4054028
1034,National Nature Reserve,Goss Moor,-4.875248922,50.4054028
1035,National Nature Reserve,Goss Moor,-4.875248922,50.4054028
1036,National Nature Reserve,Goss Moor,-4.875248922,50.4054028
1037,National Nature Reserve,Goss Moor,-4.875248922,50.4054028
1038,National Nature Reserve,Goss Moor,-4.875248922,50.4054028
1039,National Nature Reserve,Goss Moor,-4.875248922,50.4054028
1040,National Nature Reserve,Goss Moor,-4.875248922,50.4054028
1041,National Nature Reserve,Goss Moor,-4.875248922,50.4054028
1042,National Nature Reserve,Goss Moor,-4.875248922,50.4054028
1043,National Nature Reserve,Goss Moor,-4.875248922,50.4054028
1044,National Nature Reserve,Goss Moor,-4.875248922,50.4054028
1045,National Nature Reserve,Goss Moor,-4.875248922,50.4054028
1046,National Nature Reserve,Goss Moor,-4.875248922,50.4054028
1047,National Nature Reserve,Cabin Hill,-3.083652184,53.53727412
1048,National Nature Reserve,Scolt Head Island,0.699641691,52.98296372
1049,National Nature Reserve,Blakeney,0.980049557,52.97453499
1050,National Nature Reserve,Blakeney,0.980049557,52.97453499
1051,National Nature Reserve,Blakeney,0.980049557,52.97453499
1052,National Nature Reserve,Blakeney,0.980049557,52.97453499
1053,National Nature Reserve,Blakeney,0.980049557,52.97453499
1054,National Nature Reserve,Blakeney,0.980049557,52.97453499
1055,National Nature Reserve,Blakeney,0.980049557,52.97453499
1056,National Nature Reserve,Blakeney,0.980049557,52.97453499
1057,National Nature Reserve,Blakeney,0.980049557,52.97453499
1058,National Nature Reserve,Blakeney,0.980049557,52.97453499
1059,National Nature Reserve,Blakeney,0.980049557,52.97453499
1060,National Nature Reserve,Blakeney,0.980049557,52.97453499
1061,National Nature Reserve,Blakeney,0.980049557,52.97453499
1062,National Nature Reserve,Blakeney,0.980049557,52.97453499
1063,National Nature Reserve,Blakeney,0.980049557,52.97453499
1064,National Nature Reserve,Blakeney,0.980049557,52.97453499
1065,National Nature Reserve,Blakeney,0.980049557,52.97453499
1066,National Nature Reserve,Blakeney,0.980049557,52.97453499
1067,National Nature Reserve,Blakeney,0.980049557,52.97453499
1068,National Nature Reserve,Blakeney,0.980049557,52.97453499
1069,National Nature Reserve,Blakeney,0.980049557,52.97453499
1070,National Nature Reserve,Blakeney,0.980049557,52.97453499
1071,National Nature Reserve,Blakeney,0.980049557,52.97453499
1072,National Nature Reserve,Blakeney,0.980049557,52.97453499
1073,National Nature Reserve,Blakeney,0.980049557,52.97453499
1074,National Nature Reserve,Blakeney,0.980049557,52.97453499
1075,National Nature Reserve,Blakeney,0.980049557,52.97453499
1076,National Nature Reserve,Blakeney,0.980049557,52.97453499
1077,National Nature Reserve,Blakeney,0.980049557,52.97453499
1078,National Nature Reserve,Blakeney,0.980049557,52.97453499
1079,National Nature Reserve,Blakeney,0.980049557,52.97453499
1080,National Nature Reserve,Blakeney,0.980049557,52.97453499
1081,National Nature Reserve,Blakeney,0.980049557,52.97453499
1082,National Nature Reserve,Muston Meadows,-0.775765512,52.92104516
1083,National Nature Reserve,Muston Meadows,-0.775765512,52.92104516
1084,National Nature Reserve,Roydon Common,0.498537384,52.77326063
1085,National Nature Reserve,Finglandrigg Woods,-3.13000889,54.90144753
1086,National Nature Reserve,Finglandrigg Woods,-3.13000889,54.90144753
1087,National Nature Reserve,Tarn Moss,-2.931115346,54.63886113